name,url,description,address,latitude,longitude,start_time,end_time,ticketed_events,fully_booked
1 Pontypool Place,https://programme.openhouse.org.uk/listings/13620,Tour of home & garden designed in 2018 by Nagan Johnson Architects,"1 Pontypool Place London London, Greater London, SE1 8QF",51.50192,-0.10591,13:00:00,20:30:00,Yes,No
"141 Coldershaw Road, W13",https://programme.openhouse.org.uk/listings/13626,"The home of Eric and Jessica Huntley , community activists and educators who founded the pioneering company Bogle-L'Ouverture Publications in 1968, lived and ran their bookshop from this semi detached property soon after.  The house is a Black British cultural archivists dream; filled with books, arts and craft and correspondence from the 1960s to the present day.","141 Coldershaw Road, Ealing, W13 9DU",51.50504,-0.32522,12:00:00,17:00:00,No,
60 Years of the BT Tower: Signals and Sightlines,https://programme.openhouse.org.uk/listings/13699,"60 years on from the opening of the BT Tower, and amidst its sale to a hotel consortium, participants are invited on a research-led walk around Fitzrovia to reflect on the hidden stories and unseen infrastructures that contribute to the creation of the city and its green spaces.","The Building Centre, 26 Store Street, WC1E 7BT",51.51949,-0.13151,14:00:00,16:30:00,Yes,No
Andaz London Liverpool Street,https://programme.openhouse.org.uk/listings/11391,"Andaz London Liverpool Street, a concept by Hyatt, blends rich history dating back to the 1200s with modern decor and the vibrant energy of its London neighborhood.

Step inside and join us for an open house tour led by our dedicated team!","Andaz London, 40 Liverpool Street, EC2M 7QN",51.517312,-0.0813472,15:00:00,15:30:00,Yes,No
Barnard's Inn Hall,https://programme.openhouse.org.uk/listings/4838,"Barnard's Inn in Holborn dates back to the mid-13th century. It is now the home of Gresham College which has been providing free public lectures since 1597. Over the centuries it has been a law school and home to the Mercers' School. Notable architectural elements include 15th-century wooden bays, 16th-century linen fold wood panelling, and has the only surviving crown posts in Greater London.","Barnard's Inn Hall, Holborn, EC1N 2HH",51.5175436,-0.1098755,10:00:00,16:00:00,No,
Bodney Road Studios,https://programme.openhouse.org.uk/listings/13651,"Bodney Road Studio's is home to a range of practitioners working in the built environment including architectural photographer Lorenzo Zandri, graphic designers Polytechnic and place futurists The Place Bureau. Join us on 19–20 September when we will open the studios in conjunction with a programme of exhibitions and events by Lorenzo Zandri, Polytechnic, Sammi Gale and The Place Bureau.","1 Bodney Road, E8 1AY",51.55002,-0.06106,15:30:00,17:45:00,Yes,No
Borough Yards: Panel discussion,https://programme.openhouse.org.uk/listings/13789,"Borough Yards is a vibrant cultural and retail quarter at the heart of London Bridge’s culinary and creative scenes. Set within historic railway arches and revived Victorian streets, Borough Yards is a neighbourhood designed to bring people together through shops, restaurants, pop-ups and year-round cultural programming.","Stoney Street, SE1 9AD",51.50571,-0.09149,15:00:00,16:30:00,Yes,No
Boston Manor House,https://programme.openhouse.org.uk/listings/10142,"Boston Manor House is a Jacobean House built for Lady Mary Reade in 1623 and later owned by the Clitherow family from the 1670s until the 1920s. The House is now open to the public with free entry six days a week. Its beautifully restored historic interiors, including breath-taking ornate plasterwork, are joined by two community exhibition galleries, meeting rooms and an attractive modern café.","Boston Manor House, Boston Manor Road, Brentford, TW8 9JX",51.49191829999999,-0.3183739,11:30:00,16:00:00,Yes,No
Burlington House: Linnean Society of London,https://programme.openhouse.org.uk/listings/2074,"The world's oldest active biological society. Founded in 1788, the Society takes its name from the Swedish naturalist Carl Linnaeus whose botanical, zoological and library collections have been in its keeping since 1829.","Piccadilly, W1J 0BF",51.50853,-0.13911,10:00:00,17:00:00,No,
Burlington House: Society of Antiquaries of London,https://programme.openhouse.org.uk/listings/1651,"The Society of Antiquaries of London has been exploring the material past since the early eighteenth century. In the 1870s, the Society set up home in purpose-built grade II* listed apartments in Burlington House, with a grand galleried library housing 130,000 books. Today's membership of 3,000 Fellows are leading experts in archaeology, history, art, architecture, and heritage.","Burlington House, Piccadilly, W1J 0BE",51.50846,-0.13894,11:00:00,16:00:00,Yes,No
"Common Edge: Art, Community and Protest in Wanstead and Leytonstone",https://programme.openhouse.org.uk/listings/13716,"This walk explores how artists, activists and local communities have contested, defended and reimagined urban space across Wanstead Flats and Leytonstone. From the struggle to protect common land and Epping Forest to the creative resistance of the M11 protests and contemporary grassroots projects, we uncover histories of collective action, cultural imagination and alternative visions for the city.","Wanstead underground station, E11 2RL",51.57565,0.02866,14:30:00,17:00:00,Yes,No
Conway Hall,https://programme.openhouse.org.uk/listings/3425,"The home of Conway Hall Ethical Society, an organisation renowned as a hub for progressive thought. Grade II listed building with both Arts and Crafts and Art Deco features adding to its distinctive style.","25 Red Lion Square, WC1R 4RL",51.51987740000001,-0.118179,13:00:00,18:30:00,Yes,No
County Hall Kingston,https://programme.openhouse.org.uk/listings/13682,"London Square presents a rare opportunity to live within the sensitively restored former Surrey County Hall, complemented by a striking collection of contemporary new-build homes and commercial areas for hire.

Set in the heart of Kingston, residents enjoy a riverside town rich in culture, green spaces, shopping and dining - all with excellent connection to London and beyond.","Penrhyn Road, Kingston, KT1 2DN",51.40435,-0.30416,11:00:00,16:00:00,Yes,No
Croydon Urban Room,https://programme.openhouse.org.uk/listings/12687,"The Croydon Urban Room is a space to talk about the past, present and future of the Croydon town centre. Through conversa­tions, stories, exhibitions and events, the Urban Room brings together the views of those who live, work and visit the area to create a shared vision of the future and test new uses live in action.","Units 161-162 & 1161-1162 Whitgift Centre, CR0 1UQ",51.37522,-0.10075,10:00:00,16:00:00,No,
Designed to be forgotten: women in South Kensington,https://programme.openhouse.org.uk/listings/13148,"On this  walk you will see some of the forgotten contributions of Victorian women to the magnificent buildings of South Kensington, in particular the V&A and the Royal Albert Hall. 

You will also see how women were represented very differently from men on the buildings and memorials of this internationally important arts and science district.","Outside the V&A Exhibition Road Entrance, Exhibition Road, SW7 2PA",51.49695,-0.17349,11:00:00,12:15:00,Yes,No
Destination Battersea,https://programme.openhouse.org.uk/listings/13722,"This tour explores the evolution of Battersea, with a particular focus on its role as a destination for Londoners. From the days of the Red House Tavern, through the post-war Festival of Britain's Pleasure Gardens, to the modern-day Battersea Power Station, this stretch of London along the River Thames has long offered opportunities for leisure, entertainment, and discovery.","Battersea Park Railway Station, Battersea Park Road, Nine Elms",51.47695,-0.14769,11:00:00,13:00:00,Yes,No
E.ON's Citigen energy centre,https://programme.openhouse.org.uk/listings/12219,"Hidden behind two Listed Building facades opposite Smithfield Market, and spread across eight floors below and above ground, E.ON's Citigen energy centre produces electricity, heat and cooling to buildings across the Square Mile.","47-53 Charterhouse St, EC1M 6PB",51.51927,-0.10418,10:00:00,16:00:00,Yes,No
Eastbury Manor House,https://programme.openhouse.org.uk/listings/304,"One of the finest surviving Elizabethan red brick Manor houses- Grade I listed. Contains 17th Century wall-paintings, charming walled garden and a fine Tudor tower with original stairs. Many original features have been restored and layout remains mostly unchanged in over 400 years.","Eastbury Manor House, Eastbury Square, Barking, IG11 9SN",51.5343105,0.0995563,10:00:00,16:00:00,Yes,No
Explore the authentically recreated Colony Room,https://programme.openhouse.org.uk/listings/12933,"A revival and love letter to London’s lost bohemia. Travel back in time to the legendary haunt of some of Soho's greatest creatives.   Featuring pictures, press cuttings and even the piano from the much loved private members club.","4 Heddon Street, W1B 4BS",51.51092,-0.13932,14:00:00,23:00:00,No,
Fitzrovia Chapel,https://programme.openhouse.org.uk/listings/6534,"Loughborough Pearson's red brick building is unimposing from the outside, but inside is a riot of Gothic Revival design. Golden mosaics reveal the character of the Grade II* listed chapel, built as part of the Middlesex Hospital.","2 Pearson Square, Fitzroy Place, W1T 3BF",51.51895,-0.13826,11:00:00,16:00:00,No,
Fleet Street Heritage Wall and Sundial,https://programme.openhouse.org.uk/listings/10644,"The Fleet Street Heritage Wall comprises 86 A3 information panels about the people, places, ideas and newspapers which made the name o Fleet Street famous throughout the world.  From 17th to 20th Sept frequent talks will be given on thesundial and the Heritage Wall, and its innovative design features which will  mqke it accessible to all comers through web pages, Easy Read pages, and audio files","61 Fleet Street, EC4Y 1JU",51.51412879999999,-0.1080343,10:00:00,16:00:00,No,
From Forest to Morris: A walk around Walthamstow,https://programme.openhouse.org.uk/listings/11296,"A walk around historic Walthamstow showing how this unique area grew from a village into a thriving suburb, its social history and the variety of buildings that can be found where Epping Forest meets William Morris.",Outside Costa Coffee at Walthamstow Central Station 5 Station Approac,51.5828202,-0.0194102,11:00:00,13:00:00,Yes,No
From bomb site to blueprint: walking the rebuilt City,https://programme.openhouse.org.uk/listings/13712,"Laying Blitz photographs against the streets of today, this tour traces the rebuilding of the City around St Paul's from rival postwar blueprints to pocket parks and privately-owned public spaces. We look at what today’s business district replaced and also at the remnants of conflict still visible in the streets today.","Statue of Queen Anne, St. Paul's Churchyard, EC4M 8AY",51.51368,-0.09993,10:30:00,12:30:00,Yes,No
Garage Gallery E17,https://programme.openhouse.org.uk/listings/13170,"In 2022 we created an art gallery in the garage below our house in a residential street in Walthamstow village.   We aim to bring art into our community, acting as a resource to support artists on a not-for-profit basis.  By the time of Open House we will have hosted 26 exhibitions in a wide range of media, by both emerging and more experienced artists.","39 WINGFIELD ROAD, E17 9NN",51.58081,-0.01252,10:00:00,17:00:00,Yes,No
Green Lodge,https://programme.openhouse.org.uk/listings/13757,"Green Lodge is a low-energy family home by Stylus Architects, carefully embedded into the landscape of Putney Heath. Much of the accommodation is concealed below ground, allowing the building to maintain a modest presence whilst bringing natural light into every room through a series of lightwells and rooflights.","56 Roehampton High Street, SW15 4HJ",51.45098,-0.23711,10:00:00,16:00:00,No,
Herne Hill Velodrome,https://programme.openhouse.org.uk/listings/13624,"Herne Hill Velodrome, opened in 1891, hosted track cycling events for the 1948 Olympics, is now home to a thriving grassroots cycling facility - hosting everything from Learn to Cycle to local and international racing events. 
HHV overcame the threat of closure in the early 2000s, and a new pavilion, designed by Mike Taylor of Hopkins Architects, opened in 2017.","104 Burbage Road, SE24 9HE",51.45121,-0.09099,18:00:00,20:30:00,Yes,No
Hounslow House,https://programme.openhouse.org.uk/listings/12032,"The London Borough of Hounslow's 2019 contemporary home designed by Sheppard Robson, with iconic iridescent façade and public and private spaces stitched together by a bold and sculptural staircase, is open for architectural tours led by Hounslow Council's Culture team.","7 Bath Rd, Hounslow, TW3 3EB",51.46843,-0.36726,09:45:00,13:00:00,Yes,No
IMPACT Community Arts Centre,https://programme.openhouse.org.uk/listings/12809,We are a theatre company for performers and artists with learning disabilities in the West London area. We will put on an exhibition of artworks and costumes at our Community Arts Centre.,"Ealing Central Sports Ground, Horsenden Lane South, Greenford",51.53539,-0.32577,10:00:00,16:00:00,No,
Ibraaz,https://programme.openhouse.org.uk/listings/13822,"Ibraaz is a London-based cultural institution for art, ideas, and dialogue from the Global Majority. Bringing together artists, thinkers, and communities through exhibitions, film, debate, publishing, and multidisciplinary programming, Ibraaz creates a brave space where culture fosters exchange, pluralism, and shared humanity.","93 Mortimer Street, W1W 7SS",51.51741,-0.14195,15:30:00,16:30:00,No,
JCDecaux UK – Tour & Presentation,https://programme.openhouse.org.uk/listings/13737,"JCDecaux, the world’s largest Out-of-Home advertising company, invites you inside its iconic Grade II listed HQ for a special event. The morning will feature a talk by local historian James Marshall, an overview of the building’s restoration and adaptation by Foster + Partners in 1997 with sensitive preservation of its period frontage, and a tour of its architecturally designed street furniture.","991 Great West Road, Brentford, Middlesex, TW8 9DN",51.48564,-0.31799,10:00:00,11:30:00,Yes,No
Jewish Westminster,https://programme.openhouse.org.uk/listings/13880,"Ths walk will look at the history of Jewish Communities in England, starting with the medieval period through to the expulsion in 1290 and redmission under Oliver Cromwell in 1656. It will also look at some of the Jewish people living as Christians between these times and the key contributions Jews have made to many of the key landmarks in London  as well as England's political life.","Charing Cross Station - Eleanor Cross, WC2N 5HS",51.50843,-0.1253,13:00:00,15:00:00,Yes,No
London National Park City Visitors Centre,https://programme.openhouse.org.uk/listings/12692,"London is the world's first National Park City, and our visitors centre at 80 Mortimer Street is the entry point to hundreds of places to visit and things to do across a greener, healthier and wilder London.","80 Mortimer St, W1 7FE",51.51756,-0.14246,10:00:00,19:30:00,Yes,No
London Open Form Pavilion of Air,https://programme.openhouse.org.uk/listings/11855,"A floating acoustic architecture, playfully reframing public space as an essential community engagement through sound & site mapping. Accessed by smartphone, headphones & echoes.xyz app, the Pavilion is located outside the Serpentine Gallery,. Drawing on Oskar & Zofia Hansen’s Open Form architectural concept it is one of 15 in a series including Venice, Berlin, Dublin, Bergen and Arctic Norway.","Kensington Gardens, W2 3XA",51.50466,-0.17464,06:00:00,19:30:00,No,
Lorenzo Zandri - Urban Narrative,https://programme.openhouse.org.uk/listings/13652,"During the festival, Lorenzo Zandri’s studio transforms into an immersive environment that bridges the gap between architectural theory and photographic practice. Eschewing traditional construction to focus on the 'process of the image’, Zandri will present an analytical overview of his practice and research – where photography serves as a tool for urban narrative rather than mere documentation.","Bodney Road Studios, 1 Bodney Road, Unit 2, E8 1AY",51.55002,-0.06096,18:00:00,20:00:00,Yes,No
Memorial Community Church,https://programme.openhouse.org.uk/listings/12965,"Formerly known as Memorial Baptist Church this Grade II listed building opened in 1922, it retains many original features. Open House will include access to the church, gallery and bell tower, and information on church history. 18th September at 7pm Lydia Thornley will lead a talk on the craft skills used in the building, and on the 19th 3.30-6pm there is a sketching workshop","387-395 Barking Road, Plaistow, E13 8AL",51.52302,0.02405,15:00:00,20:00:00,Yes,No
"Morris+Company | 'Waste Not: Materials, Making and the Circular Economy' Exhibition",https://programme.openhouse.org.uk/listings/12130,"Morris+Company is an award-winning architecture practice based in Hackney, east London. We have applied circular economy principles to the retrofit of our own studio, gallery and café space on Mare Street, reducing waste, reusing materials, and designing for longevity.  We place the creative ‘act’ of architecture onto the high street, reveal our practice to the public and engage local communities.","215-217 Mare Street, E8 3QE",51.54152,-0.05552,10:00:00,16:00:00,No,
Museum of Croydon Behind the Scenes Tour,https://programme.openhouse.org.uk/listings/12045,"Explore the Museum of Croydon and Croydon Archives:

- Join the Curator of the Museum of Croydon and the Borough Archivist of the Croydon Archives on an intimate guided tour of our stored, rarely seen collections.
- Explore our current exhibitions with our expert staff, including Grayson Perry's Essex House Tapestries and a brand-new exhibition on Croydon's Architecture","Croydon Clocktower, Katharine St, CR9 1ET",51.37226,-0.09939,10:00:00,16:30:00,Yes,No
"North Lambeth: Architecture, state and society",https://programme.openhouse.org.uk/listings/13704,"This architecture and open-space tour explores post-war north Lambeth. Born in an era of optimism for health, housing, learning, and play, these modernist places tell a deeper story. We will look at the people of influence, reflect on representation, and how culture continues to challenge. By considering people, place and context we shall revisit what matters in making a city for all.","St Thomas' Hospital Garden, Westminster Bridge Rd, SE1 7GA",51.49918,-0.12003,10:00:00,13:00:00,Yes,No
Ongéan,https://programme.openhouse.org.uk/listings/13883,"Ongéan Ecosystem : 
Art Studios, Gallery, Performance Space, Edible Garden & Kitchen. All built and designed with 99% Reclaimed Materials by artist Adam Ge-Saelis.","Ongéan, Park Mews, Croxted rd, SE24 9DB",51.45032,-0.10031,18:00:00,21:00:00,No,
Our Yard at Clitterhouse Farm,https://programme.openhouse.org.uk/listings/8339,"Come and visit this grassroots community enterprise where old meets new in the form of the historic farm buildings alongside our crowdfunded cafe. Find out how some of these historic buildings have been saved and lovingly bought back into community use, and find out about our future plans.","Clitterhouse Playing Fields, Claremont Rd, NW2 1AP",51.56693,-0.21653,10:00:00,16:00:00,No,
Past Forward: Where Heritage Meets Innovation | Open studios at DIA,https://programme.openhouse.org.uk/listings/12696,"Discover an exhibition exploring innovation in heritage through projects and stories with Donald Insall Associates. A curated display and film reveal how design, research and conservation are reshaping historic environments. Visit their Grade II-listed Edwardian studio (1914, Sydney Tatchell).","12 Devonshire Street, W1G 7AB",51.5221,-0.14662,10:00:00,18:00:00,No,
People's Museum Somers Town,https://programme.openhouse.org.uk/listings/10952,"A great little museum set in the Grade 2 listed Ossulston Estate - a prime example of pre-war Social housing - based on Karl Marz Hof in Vienna.
Open Tuesday to Saturday 10am-5pm, plus Sunday 13th 12am-4pm.","52 Phoenix Road, NW1 1ES",51.53106,-0.13095,10:00:00,17:00:00,No,
Poroban studio,https://programme.openhouse.org.uk/listings/11347,"Poroban will open their studio to the public, where our team will be available to discuss sustainable construction and view samples - including a range of UK grown timbers.  Currently in development is the new Hastings Castle Visitor Centre, that follows 'Design for Dissassembly' principles, and a house extension built in Glulam timber, UK grown Sweet Chestnut and English Poplar.","43 Madron Street, SE17 2LE",51.48900930000001,-0.0790748,18:00:00,21:00:00,Yes,No
Preedy Glass,https://programme.openhouse.org.uk/listings/8230,An industrial building originally built for maintaining railways with a modern rear extension now housing a modern glass processing company,"Stanley Works, 7B Coronation Road, NW10 7PQ",51.5285209,-0.2729878,07:00:00,15:00:00,No,
Red House,https://programme.openhouse.org.uk/listings/1454,"The only house commissioned, created and lived in by William Morris, founder of the Arts and Crafts movement. Much original detail survives, decorated  by the Pre-Raphaelites, and of extraordinary architectural and social significance.","Red House Lane, Bexleyheath, DA6 8JF",51.4553355,0.1294782,11:00:00,16:00:00,No,
Refugees at Home at International House,https://programme.openhouse.org.uk/listings/13862,"For one day only, the charity Refugees at Home is holding a special photography exhibition at their home, International House. 

'Home Between Homes: The Faces Behind Hosting' showcases the stories of ordinary people who have opened their own homes to refugees.","3Space Interntional House, 6 Canterbury Crescent, SW9 7QD",51.46412,-0.11298,14:00:00,19:30:00,Yes,No
Resonance FM Studios,https://programme.openhouse.org.uk/listings/13049,"Resonance FM is a pioneering, non-profit community radio station, with a studio at 7 Risborough Street, Southwark, London. Broadcasting 24/7 on 104.4 FM, DAB, and online, it offers over 100 weekly shows created by volunteer engineers and programme-makers. The station champions free expression and artistic diversity, providing a platform for local and international voices across arts & culture.","7 Risborough Street, SE1 0HF",51.50345,-0.1,10:00:00,11:00:00,Yes,No
Romanian Cultural Institute,https://programme.openhouse.org.uk/listings/5056,"Situated in one of the largest and grandest 19th century squares in London, 1 Belgrave Square was acquired by Romania in 1936 and is now home to the Romanian Cultural Institute.","1 Belgrave Square, SW1X 8PH",51.500248,-0.1539844,11:00:00,17:00:00,Yes,No
Secrets and Symbols of the City,https://programme.openhouse.org.uk/listings/13629,"A curious and enlightening wander through the City of London led by an expert guide. If you know where to look, the past still communicates its secrets concealed within a city that is 2000 years old.

We'll discover clues to the City’s past in strange marks and curious symbols along the route, keeping an eye out for honeybees, demi-maidens and sunbursts.","City Information Centre, St Paul's Churchyard, EC4M 8BX",51.51328,-0.09906,18:00:00,19:00:00,Yes,No
Soho - forever changing,https://programme.openhouse.org.uk/listings/13014,"The area post 1700 became very cosmopolitan with immigrants mainly from Europe, and their influence on food and drink became increasingly important. This tour is based on food and drink, passing by restaurants, pubs, coffee bars,  pâtisserie and  delis that have been present for decades, finishing at a relatively new site.","Opposite Coach and Horses , Greek street/ Romilly Street, W1D 5DH",51.51324,-0.13021,11:00:00,15:45:00,Yes,No
Southlands Arts Centre,https://programme.openhouse.org.uk/listings/13809,"Explore Southlands Arts Centre and discover the history and architecture of this Grade II listed Queen Anne-style building. Admire its distinctive red-brick façade, elegant decorative detailing and historic interiors, and learn how this former private residence has evolved into a thriving community arts centre, celebrating Hillingdon's rich architectural and cultural heritage.","Southlands Arts Centre, 75, The Green, West Drayton, UB7 7PW",51.50154,-0.47577,10:00:00,16:00:00,No,
"St Alban the Martyr, South Norwood",https://programme.openhouse.org.uk/listings/13012,"Since 1891, St Alban's has served South Norwood and Thornton Heath; areas that began to develop with the coming of the railways. The church  was  built by the community and is  still serving the community.  The building design altered considerably from start to finish and a small exhibition will give examples of the various suggestions.","Grange Road, Thornton Heath, CR7 8SA",51.39807,-0.09275,15:00:00,19:00:00,No,
"St Anne's Church, Kew Green",https://programme.openhouse.org.uk/listings/5163,"St Anne's Church, Kew Green was consecrated in 1714. Built with the support of Queen Anne it has been a place of worship for the Royal Families over the centuries. The original 'chapel' has been extended many times and the church is now a little known gem in South West London with a fascinating past.","Kew Green, TW9 3AA",51.4838,-0.28804,10:00:00,16:00:00,No,
"St Anne's Church, Limehouse",https://programme.openhouse.org.uk/listings/6270,"St Anne's Limehouse has been described as 'the finest parish church in England.' Designed by Nicholas Hawksmoor, it is Grade I listed and one of the Major Churches in the Church of England. It is home to a thriving Christian congregation.","Three Colt Street, NULL, E14 8HH",51.51167,-0.03011,10:00:00,16:00:00,Yes,No
"St Bride's Church, Fleet Street",https://programme.openhouse.org.uk/listings/10035,"Wren designed building of 1675, interior lost in blitz of 1940, reopened 1957 with 'Wren inspired' interior","St Bride's Church, St Bride's Avenue, EC4Y 8AU",51.5137695,-0.105544,10:00:00,13:00:00,No,
St Lawrence,https://programme.openhouse.org.uk/listings/12693,St Lawrence started life as a hospital and chapel in the 12th century. There is a 15th century tower but the rest of the building was rebuilt in the 19th century. It was unused and  virtually derelict since the 1960s.  It has been refurbished but is currently empty. We will not have access to the interior.,"High Street, Brentford, TW8 8EW",51.48232,-0.31018,11:00:00,12:00:00,Yes,No
"St Mary & St Joseph Roman Catholic Church, Poplar",https://programme.openhouse.org.uk/listings/13253,Grade II Listed.   Designed by Adrian Gilbert Scott.  Cruciform shape (120 feet by 120 feet) of steel girder and brick construction. Its Lantern tower – based on Ely Cathedral – is supported on parabolic arches 35 feet wide and 50 feet high.  The Stained Glass Windows were designed by John Wilson of Edinburgh and the Stations of the Cross  carved in Blue Horton Stone by Peter Watts.,"St Mary & St Joseph Church, Upper North Street, Poplar, London",51.51203,-0.02052,10:00:00,13:00:00,No,
"St Mary's Church, Battersea",https://programme.openhouse.org.uk/listings/2533,"During Open House, the Friends of Battersea Parish Church present a Floral Festival, organ recitals, historical displays, alongside 3 talks exploring history, creativity, sanctuary & Battersea’s radical past. Sat 12 Sept Dr. Peter Rumley at 6pm, Tues 15 Guy Stagg at 6.30pm,  Thurs 17 at 6.30pm Rory Walsh & Mike Squires.  Plus Join us for Choral Evensong amidst the flowers at St Mary’s Battersea.","Battersea Church Road, SW11 3NA",51.4765358,-0.1747989,10:00:00,16:00:00,Yes,No
St Pancras Church & Crypt,https://programme.openhouse.org.uk/listings/3678,"The church (1822 - Grade I listed) is an early and important example of Greek Revival architecture in London. Significant features include the caryatids and tower copied from models in Athens, and the atmospheric crypt.","Euston Road/Upper Woburn Place NW1, NW1 2BA",51.52713,-0.13021,10:00:00,15:15:00,No,
Streets of change: growing up in North Kensington,https://programme.openhouse.org.uk/listings/13146,"Unpack my story of North Kensington’s rich history on this guided walk. My family was one of the first families to move into the Brutalist-style Trellick Tower. From rural roots to industrial hub, class divides to cultural revolution – discover hidden stories, iconic sites, and how migration and activism shaped a vibrant, ever-changing community like no other: my childhood playground.","Outside Loaf Shop, 103 Lancaster Road, W11 1QN",51.51652,-0.2099,10:00:00,12:30:00,Yes,No
String House - Camberwell,https://programme.openhouse.org.uk/listings/13718,"Contemporary timber frame home with unique string screen; a postwar house reassembled to follow passive house principles. The structure was built in 7 weeks to create a reimagined flexible home of two halves enabling an Airbnb rental that bypasses the first floor kitchen & living area, located to borrow views towards mature trees at the rear & city buses to the front expanding senses & spaces.","124 Grove Lane, SE5 8BP",51.46614,-0.08554,12:30:00,15:00:00,Yes,No
Swakeleys Estate,https://programme.openhouse.org.uk/listings/1939,"A most important house in Ickenham, an outstanding example of Jacobean architecture built in the 1630s. Red brick construction laid in English bond on an H plan. Great Hall includes the 1655 Harrington Screen, 18C marble fireplace panelling.","Swakeleys Road, Ickenham (access from Milton Road) , UB10 8LD",51.5651,-0.45721,10:00:00,16:00:00,No,
The Clockworks,https://programme.openhouse.org.uk/listings/5457,"The Clockworks is the only museum in the world dedicated to electrical horology. A major collection of clocks and timekeepers charts the development of networked and precision timekeeping, from 1840-1970, while an onsite workshop showcases modern and heritage clock conservation in action.","6 Nettlefold Place, SE27 0JW",51.4329214,-0.1045063,10:00:00,17:00:00,Yes,No
The Gaumont State Theatre,https://programme.openhouse.org.uk/listings/13672,"The Gaumont State Theatre in Kilburn, London, reopened for a live concert on 6 November 2025 for the first time in almost 50 years. Now a church, the former 4,004-seat super cinema welcomed a near-capacity audience for a performance by the Royal Philharmonic Orchestra and guest singers.","197–199 Kilburn High Road,, NW6 7HW",51.54153,-0.19789,12:00:00,19:00:00,No,
The King's Foundation - Charlotte Road,https://programme.openhouse.org.uk/listings/13043,"A refurbished factory warehouse, the repurposed space now hosts educational programmes and activities of the School of Traditional Arts and the architectural team of the King’s Foundation. Live demonstrations of traditional arts skills by students and alumni, scheduled talks on KF's architectural projects, and guided tours all await the visitor.","19 - 22 Charlotte Road, EC2A 3SG",51.5257,-0.08132,11:00:00,15:00:00,Yes,No
The Literary City,https://programme.openhouse.org.uk/listings/13039,"A walking tour of the City, visiting key areas associated with famous writers, from Shakespeare, Dr Johnson, Oscar Wilde, and many others.","St Mary Aldemanbury Garden, Love Lane, EC2P 2NQ",51.51644,-0.09308,18:00:00,19:00:00,Yes,No
The Purpose of Light: Exhibition by Misan Harriman,https://programme.openhouse.org.uk/listings/13445,"The Purpose of Light, Misan Harriman’s landmark photographic exhibition, bears witness to significant  moments, not with judgment or ideology, but with a deep and unflinching empathy for the human condition. Featuring 110 unique photographs, this exhibition is a call not for division, but for togetherness.","54 Eastcastle Street, W1W 8EF",51.51651,-0.13826,10:00:00,18:00:00,No,
Unit 13,https://programme.openhouse.org.uk/listings/13663,"Unit 13 is a space of many parts -  office, workshop, venue, exhibition space, and screening room. It is concieved as a social space in which to collaborate. A place of exchange - both ideas, skills, knowledge, and energy. During the working week we have three architecture practices working from the space - AH A, LSD, and TJA - alongside a revolving exhibition. During the weekend, we have talks.","Unit 13, 39 Gransden Avenue, E8 3QA",51.54066,-0.05639,10:00:00,21:00:00,Yes,No
Wolves Lane Horticultural Centre,https://programme.openhouse.org.uk/listings/12731,"Ever explored an eco-building? Wolves Lane Horticulture centre is home to a thriving 3.5 acre contemporary community food growing space alongside 1970s glasshouses. Visit the cactus and palm house with koi carp alongside a “bale” of terrapins and exotic flora and fauna. The café serves healthy, locally grown produce and the shop will furnish you with plants to take home.","Wolves Lane Centre, Wolves Lane, N22 5JD",51.60487,-0.10409,10:00:00,16:00:00,Yes,No
Worlds End Studios,https://programme.openhouse.org.uk/listings/13549,"The building of Worlds End Studios started life as a factory manufacturing machines for commercial baking ovens; it burned down and the remains were used as the foundations of what we know today.
Two young architects found the ruined site in 1974. They wanted to create a community workspace geared toward designers, one of the first of its kind, in London.","132-134 Lots Road, SW10 0RJ",51.47832,-0.18379,11:00:00,17:00:00,Yes,No
outhouse gallery,https://programme.openhouse.org.uk/listings/12832,"outhouse gallery is a small, independent, artist-run creative space located in Brunswick Park, Camberwell. 
As a former public toilet, the gallery's mission is to be open, public and accessible to both facilitators and visitors - from free exhibitions, live performances, and workshops to publishing articles online and in outhouse magazine.","Unit 1, inside Brunswick Park, SE5 7RH",51.4755,-0.08556,12:00:00,17:00:00,No,
